Warehouse Name,Status,Location,Price per SqFt,Total Square Footage,Total Price,Age of Warehouse,Distance to Highways (miles),Distance to Ports/Airports (miles),NOI,Cap Rate (%),Year of Last Renovation,Number of Loading Docks,Clear Height (ft),Parking and Storage Capacity,Warehouse Type,Zoning Regulations,Environmental Concerns,Neighboring Land Use,Condition of Property,Security Features,Energy Efficiency Features
Warehouse 1,For Sale,New Bedford,58.495266769014,36367,2127297.366588732,2,1.9907328099468626,5.353172009290655,1684396.7579262527,7.8230275841779395,1974,20,16.883569171810375,347,Dry Storage,Commercial,Mild Pollution,Residential,Poor,Basic,Green Roof
Warehouse 2,For Sale,Quincy,36.234142578702304,59624,2160424.517112546,60,7.582258509832096,34.503951173275084,606316.159796767,8.258060249191809,2022,24,48.89679996160413,65,Flex Space,Commercial,Protected Area,Mixed-Use,Poor,Basic,Solar Panels
Warehouse 3,For Sale,Fall River,155.1883425611589,408322,63366814.41125752,23,11.046829615117304,27.710170884774286,886906.057122896,5.346695647353042,1970,22,27.95254582986424,196,Distribution Center,Industrial,Protected Area,Mixed-Use,Fair,Moderate,None
Warehouse 4,For Sale,Boston,142.84676969570688,239565,34221086.38215202,83,7.834190692733955,49.045324278054196,572164.5172022516,5.975259413340685,1961,29,16.36100014961045,350,Cold Storage,Commercial,High Pollution,Industrial,Poor,High,None
Warehouse 5,For Sale,New Bedford,110.68724887746836,73008,8081054.666046211,31,3.3573076491594995,12.143065297207567,1588863.6508480264,10.708393719222626,1986,22,17.207830165125916,267,Dry Storage,Commercial,Mild Pollution,Mixed-Use,Fair,Moderate,Insulated
Warehouse 6,For Sale,Cambridge,173.50897632476352,393070,68201173.3239748,5,5.548447019530719,20.794915940000863,1168031.223988675,6.849485176940753,1991,44,13.929399687563219,454,Cold Storage,Industrial,High Pollution,Residential,Good,Moderate,Green Roof
Warehouse 7,For Sale,Fall River,166.96392600150904,382539,63870213.28869127,83,18.573518903686683,27.584744366375723,1334708.8867731376,10.614519790371352,1966,9,42.14072433739737,67,Flex Space,Commercial,High Pollution,Mixed-Use,Fair,Moderate,Insulated
Warehouse 8,For Sale,Boston,129.51024194744787,121492,15734458.314679336,34,13.55204728416847,39.793299434214234,541999.1371868427,9.672109794296254,1997,37,14.881219772873946,372,Dry Storage,Commercial,None,Industrial,Good,Basic,Green Roof
Warehouse 9,For Sale,Springfield,177.60611768725397,77240,13718296.530163497,10,9.971351989729742,27.893094179282876,479439.3376857645,5.417367402174924,1977,10,15.005010285669877,132,Flex Space,Industrial,High Pollution,Mixed-Use,Fair,Moderate,Green Roof
Warehouse 10,For Sale,New Bedford,64.9930057062506,331459,21542516.67838812,89,0.353026310739181,31.03210788223551,1002330.5265167304,8.059570928957937,1990,36,44.01886459043351,197,Distribution Center,Mixed-Use,None,Mixed-Use,Poor,Moderate,Insulated
Warehouse 11,For Sale,Fall River,49.02633529761374,467465,22918095.82989901,2,19.849066469740457,12.081205527907096,1488253.2107310123,9.419098572149736,1996,37,23.784163377902384,239,Flex Space,Industrial,None,Industrial,Poor,Basic,Solar Panels
Warehouse 12,For Sale,Boston,75.85743395788823,206659,15676621.444303224,11,13.4619532044034,42.499017676339435,1074217.5271643123,5.880297718430601,1967,28,11.234316172322899,177,Flex Space,Commercial,Protected Area,Industrial,Fair,High,Insulated
Warehouse 13,For Sale,New Bedford,39.704765535183526,277900,11033954.342227502,50,6.406757299164403,22.002896801553312,113659.07121405378,10.645508084160614,2020,28,12.075811980736436,429,Distribution Center,Commercial,None,Residential,Poor,High,Insulated
Warehouse 14,For Sale,Cambridge,120.29881976017545,466227,56086557.840327315,31,17.59744633395698,7.907021748566694,1743675.437324563,8.358621260361495,1962,42,15.686817868155822,123,Cold Storage,Commercial,None,Mixed-Use,Poor,Moderate,None
Warehouse 15,For Sale,Boston,189.22296769014346,303522,57433333.599247724,56,5.242789243807179,33.545207810765454,176139.44235450658,5.321936403540826,1962,43,18.53573391902758,261,Distribution Center,Industrial,Protected Area,Residential,Poor,Basic,None
Warehouse 16,For Sale,Boston,36.68840191364664,140327,5148373.375336292,79,10.925929925736755,11.588432206080068,1913857.743255467,8.66387540931682,1980,21,36.60584776953621,116,Distribution Center,Commercial,High Pollution,Mixed-Use,Good,High,Insulated
Warehouse 17,For Sale,Boston,50.75868538170455,412700,20948109.45702947,73,12.757808198223518,5.780563001725687,99026.81864068181,11.997710433247313,1951,24,16.29305120007313,46,Flex Space,Commercial,Mild Pollution,Mixed-Use,Poor,Moderate,Insulated
Warehouse 18,For Sale,Newton,106.873834808184,130703,13968730.830934074,87,4.499161091929196,43.23735851180934,1404178.3894548821,5.204171933307308,1965,42,14.75497564708288,344,Cold Storage,Industrial,Mild Pollution,Residential,Good,Moderate,None
Warehouse 19,For Sale,Lynn,188.75875297974383,323693,61099887.02827222,83,19.57010584813186,23.547950959933544,210303.77423797423,10.534055440956225,1958,40,40.58876565905116,101,Dry Storage,Mixed-Use,Mild Pollution,Mixed-Use,Fair,Basic,Green Roof
Warehouse 20,For Sale,Newton,83.74653784604759,170575,14285065.693089567,9,14.98901892898205,37.71490192209305,1825819.3298985222,5.658472025500464,2022,2,36.842211354396575,27,Distribution Center,Mixed-Use,High Pollution,Mixed-Use,Poor,Moderate,Insulated
Warehouse 21,For Sale,Springfield,116.22991747702672,340938,39627195.60478254,99,11.20048318767029,15.238790430511399,955644.8106398084,10.259106635680698,1987,8,27.412968858209446,363,Cold Storage,Commercial,None,Mixed-Use,Poor,High,Solar Panels
Warehouse 22,For Sale,Cambridge,37.06738603856665,498948,18494698.129170753,21,3.6938325036884874,39.561536610965646,318171.36089318,9.876623384971307,2024,48,31.972390859204157,72,Distribution Center,Industrial,Mild Pollution,Industrial,Poor,Basic,Solar Panels
Warehouse 23,For Sale,Newton,55.2183441635551,312257,17242314.493479226,73,1.1717783192607198,6.484860424054986,714590.6145902008,6.403915084803459,2003,27,22.47936081305674,159,Distribution Center,Commercial,High Pollution,Residential,Fair,High,Solar Panels
Warehouse 24,For Sale,Fall River,197.72712090300396,79069,15634085.72267962,28,6.46919066716757,18.442695315947784,371408.11692618596,6.6065849405155985,2005,22,29.300016809414426,148,Distribution Center,Industrial,None,Industrial,Good,High,Insulated
Warehouse 25,For Sale,Lawrence,194.07017839412774,234189,45449101.00794238,62,15.088427984676715,48.9250290807029,382634.7275363255,10.340171135703354,1994,37,30.26690595930983,195,Distribution Center,Industrial,Protected Area,Residential,Good,High,Green Roof
Warehouse 26,For Sale,Lynn,30.839796758849634,403465,12442778.599309267,7,5.459692836210298,39.905496102032295,1898811.2243343124,7.691564095098501,1983,27,25.489490847123836,194,Flex Space,Mixed-Use,Mild Pollution,Residential,Poor,Moderate,Green Roof
Warehouse 27,For Sale,Brockton,191.8080035219506,256051,49112631.109798975,80,10.83716878786055,25.36554058541972,918229.9189553369,9.84654422969447,1958,29,46.26288842688651,214,Cold Storage,Mixed-Use,None,Mixed-Use,Fair,Moderate,None
Warehouse 28,For Sale,Lawrence,138.65038942863507,417417,57875029.60413256,16,14.586148816941787,17.64909610653237,1588164.4146154511,5.183873178926678,1957,3,10.642474599240245,269,Cold Storage,Industrial,Mild Pollution,Residential,Fair,High,Insulated
Warehouse 29,For Sale,Lynn,177.54611006840375,130541,23177046.754439496,97,2.2480799214646403,43.73464930110135,1297230.8442964796,10.820462255212428,1956,44,41.286850523649846,223,Cold Storage,Commercial,Mild Pollution,Industrial,Fair,High,Green Roof
Warehouse 30,For Sale,Quincy,107.30577545775604,194648,20886854.581301298,4,13.737430520705878,27.69754019514127,1369031.406559865,9.687077733458553,1985,13,14.975313249652974,265,Distribution Center,Mixed-Use,Mild Pollution,Industrial,Fair,Basic,Insulated
Warehouse 31,For Sale,Quincy,117.65132485847253,261353,30748526.705736373,4,1.9282306654298895,38.16282587558644,306802.2050204751,11.255542470678671,1967,45,41.90189442148798,144,Flex Space,Commercial,None,Industrial,Fair,Basic,None
Warehouse 32,For Sale,Boston,113.10391864367644,276830,31310557.798128948,40,19.30608186832723,37.95127633549204,506659.67129019706,5.05897903227978,1952,10,34.636476627068845,70,Distribution Center,Mixed-Use,High Pollution,Residential,Good,Moderate,None
Warehouse 33,For Sale,Lynn,143.36692378283774,320507,45950102.640865974,17,9.819043188292296,1.8793382498560995,1584163.153551152,8.74411600288478,1977,36,43.73112363745609,372,Distribution Center,Mixed-Use,None,Industrial,Good,Moderate,None
Warehouse 34,For Sale,Brockton,53.74071330857319,364687,19598539.51436363,52,3.0984545434265596,7.186435356838059,1942994.1026258268,8.792964680322601,2019,9,13.900573025635898,319,Cold Storage,Commercial,Mild Pollution,Residential,Good,Basic,Solar Panels
Warehouse 35,For Sale,Lynn,35.09551027835525,136733,4798714.4068903485,93,6.913434357067574,33.32183895334237,562217.5030673709,6.82768592437426,1993,27,32.35922536399096,97,Distribution Center,Mixed-Use,None,Industrial,Poor,High,Insulated
Warehouse 36,For Sale,Springfield,82.34809007050245,180915,14898004.71510495,52,8.326987340975702,8.919370753007701,579559.0912645278,7.667731396554062,1970,34,30.043515210487882,333,Dry Storage,Mixed-Use,Protected Area,Industrial,Fair,Moderate,None
Warehouse 37,For Sale,Lawrence,149.79572966522994,100673,15080385.492587693,36,15.187881720423093,13.51917388812463,972149.4089812645,4.303852506318828,1977,1,38.247727318534345,485,Distribution Center,Commercial,High Pollution,Residential,Poor,High,Insulated
Warehouse 38,For Sale,Springfield,64.31508686090123,459179,29532137.269701768,38,14.894133342924524,47.38525975578075,1968488.6100681038,9.966880309016096,2003,32,31.371622075747034,216,Dry Storage,Mixed-Use,None,Industrial,Fair,Basic,Solar Panels
Warehouse 39,For Sale,Brockton,144.48351366523593,47828,6910357.491580904,50,12.277616056212887,28.44893066037068,574469.9443616186,8.394579835225393,2003,25,31.629382685324167,138,Distribution Center,Mixed-Use,Protected Area,Mixed-Use,Good,Moderate,Solar Panels
Warehouse 40,For Sale,Lynn,194.88504783823598,315748,61534564.08482733,63,2.20802117991401,37.78574584296801,843595.2237868146,4.46192841495339,2014,29,27.183837743042588,320,Flex Space,Mixed-Use,High Pollution,Residential,Poor,Moderate,None
Warehouse 41,For Sale,New Bedford,45.96312168420113,277670,12762579.998052128,63,3.116230494594704,28.341056200349353,1788386.0304658383,9.446047143683884,1970,7,22.353376960293634,12,Flex Space,Commercial,Protected Area,Residential,Good,Basic,None
Warehouse 42,For Sale,Springfield,144.34236009827146,336054,48506827.48046452,62,1.9657627208465769,28.073167124353535,55696.013611655915,7.734256617849503,1962,49,29.29057445008769,471,Cold Storage,Industrial,High Pollution,Residential,Fair,Moderate,Green Roof
Warehouse 43,For Sale,Springfield,105.4375372817771,30592,3225545.1405241247,99,11.585738387422245,5.613443596159197,127543.63172771061,4.2756900754,2006,3,14.739694350736023,431,Distribution Center,Commercial,None,Mixed-Use,Fair,Basic,Insulated
Warehouse 44,For Sale,Worcester,177.5841832441759,296126,52587293.847364835,7,17.55505498607694,17.839496437846048,1227939.7702888774,11.756861814784763,1998,20,48.460533559323395,251,Dry Storage,Industrial,Protected Area,Residential,Fair,Moderate,None
Warehouse 45,For Sale,Lynn,60.115464206055606,267351,16071929.470953172,27,8.732630193869957,14.839114035639074,1819391.3211900517,11.592897144715524,2003,20,38.57643054506393,130,Dry Storage,Mixed-Use,Mild Pollution,Industrial,Good,Basic,Green Roof
Warehouse 46,For Sale,Springfield,147.746411878448,237041,35021957.21807919,92,3.3008786617591492,20.14568991506705,515770.4877837589,8.10321932917758,1959,30,48.09868466751387,394,Distribution Center,Industrial,Protected Area,Industrial,Fair,Moderate,Insulated
Warehouse 47,For Sale,Newton,172.47959924017874,355877,61381522.33879709,86,11.205042270464443,40.118865222992085,965801.4606273825,4.749379365647282,2002,35,19.06909529319853,111,Dry Storage,Commercial,High Pollution,Industrial,Good,High,None
Warehouse 48,For Sale,Cambridge,190.58441731058394,235008,44788862.74332571,14,16.253869115627626,19.22470072792638,928407.3382327456,10.036969772788733,1993,35,45.17364080706112,47,Flex Space,Commercial,None,Residential,Poor,High,Green Roof
Warehouse 49,For Sale,Lynn,146.1521648092398,129982,18997150.68623461,71,14.860070024107305,23.133144142352453,972294.1248862449,7.935448800845832,1996,49,42.351599382541536,350,Dry Storage,Mixed-Use,High Pollution,Industrial,Fair,High,Green Roof
Warehouse 50,For Sale,Quincy,114.51970988143265,261911,29993971.734755907,86,17.640870515532924,20.47168813378051,1263913.4066730032,6.419579826315039,2002,39,37.086096498306944,422,Cold Storage,Industrial,Protected Area,Residential,Fair,Moderate,Insulated
Warehouse 51,For Sale,Worcester,135.03403083420636,73619,9941070.315983439,5,5.630251735252469,5.576990626789485,966000.3378318334,7.931345420228454,2023,27,35.00116744340823,142,Flex Space,Mixed-Use,Protected Area,Industrial,Fair,Moderate,Green Roof
Warehouse 52,For Sale,Springfield,177.7138473613821,165400,29393870.3535726,55,3.9596819586287197,22.612535754288402,922562.8755787928,8.179553163243716,1995,26,22.6619866107148,211,Flex Space,Mixed-Use,Mild Pollution,Mixed-Use,Poor,High,Insulated
Warehouse 53,For Sale,Worcester,127.00365692860105,313623,39831267.89691865,2,17.60834807024458,10.584854379181236,974862.419840958,8.501693592178714,1962,14,42.65643139860123,357,Flex Space,Commercial,None,Mixed-Use,Fair,High,Insulated
Warehouse 54,For Sale,Quincy,35.16580014846227,156175,5492018.838186095,62,13.185450224282658,10.149441492879033,1202191.510478531,7.529789709242612,1986,17,30.060618459189353,30,Distribution Center,Industrial,None,Mixed-Use,Good,Basic,Insulated
Warehouse 55,For Sale,Brockton,188.26127823618623,175963,33127019.302274037,91,6.287485707150327,5.607769117279052,1097164.6022851488,8.846042425112454,1973,18,12.835663035651415,251,Distribution Center,Industrial,Protected Area,Mixed-Use,Good,Basic,Solar Panels
Warehouse 56,For Sale,Brockton,147.2195476753654,146826,21615657.3069832,21,14.872726206392931,18.476877732946473,1715565.1954184833,11.34987768485102,1951,45,22.5145264342052,464,Flex Space,Industrial,None,Residential,Fair,Basic,Green Roof
Warehouse 57,For Sale,Lawrence,145.0072755821319,236055,34229692.43754015,79,16.320855851159322,38.11661235468145,146518.86431264988,6.898144696788729,1963,29,47.4118839418131,460,Distribution Center,Industrial,Mild Pollution,Industrial,Fair,High,Insulated
Warehouse 58,For Sale,Lynn,66.66477590761193,348581,23238074.250651274,21,12.338066982788533,14.545642838586408,1674968.2893723743,9.805731705759593,1959,20,44.027210424193854,118,Dry Storage,Mixed-Use,High Pollution,Mixed-Use,Poor,High,None
Warehouse 59,For Sale,Quincy,142.01052993955173,103540,14703770.269941187,10,13.78889378661031,16.305105992390164,1695652.9945928617,11.155620454593858,1984,27,49.27622792306157,312,Distribution Center,Mixed-Use,None,Residential,Poor,High,Solar Panels
Warehouse 60,For Sale,Lowell,96.95694896120695,340126,32977579.222379476,87,7.567672098409059,32.491058225948755,605570.6419853737,7.647834206079495,1974,18,35.119735304163925,93,Distribution Center,Commercial,Protected Area,Mixed-Use,Poor,Basic,Solar Panels
Warehouse 61,For Sale,Lawrence,140.70960609705367,107747,15161037.928139241,58,10.820043780126477,10.596199816759025,952561.3122809087,7.547646691055233,1952,4,19.90040292561648,92,Flex Space,Mixed-Use,High Pollution,Mixed-Use,Fair,Moderate,Green Roof
Warehouse 62,For Sale,Lowell,48.12081515235842,191994,9238907.784361903,39,10.530767497450627,44.95093859075318,905150.0526479993,8.816935882838237,1966,1,16.51260198707455,300,Cold Storage,Mixed-Use,High Pollution,Residential,Poor,High,Insulated
Warehouse 63,For Sale,Lynn,141.83370178251613,315375,44730803.699661024,5,16.976151043502362,26.489335639326168,476094.1769905541,8.731254075379905,1961,1,17.476577624338464,461,Cold Storage,Commercial,Mild Pollution,Residential,Poor,Moderate,Green Roof
Warehouse 64,For Sale,Boston,199.90033338101333,34301,6856781.335302138,65,16.815283207615433,22.932544075690632,823753.8518183171,10.452714738610215,2003,26,10.791826333890175,78,Cold Storage,Commercial,Protected Area,Industrial,Good,Moderate,Solar Panels
Warehouse 65,For Sale,Worcester,38.19604660629452,227724,8698156.517371815,13,16.67034134000616,28.33318940453087,136556.15573316615,7.8118670702263415,1973,45,25.627284439437567,138,Dry Storage,Commercial,None,Industrial,Poor,Moderate,Insulated
Warehouse 66,For Sale,Worcester,196.11961131762394,198783,38985244.69655124,85,0.3195291238230693,9.135681357393578,591753.0419243821,11.968983597115528,1978,20,17.6571072199817,205,Distribution Center,Mixed-Use,Protected Area,Mixed-Use,Good,Basic,None
Warehouse 67,For Sale,Brockton,99.17435332288801,177395,17593034.40771372,90,15.015955140930874,31.060183793319638,1642530.2421289003,4.475772550938246,1992,23,26.4662184182681,149,Cold Storage,Mixed-Use,High Pollution,Mixed-Use,Good,Moderate,Insulated
Warehouse 68,For Sale,Lowell,178.02808655733406,23752,4228523.111909798,85,15.197660163208996,18.79193609506651,604896.4884376503,4.025342788645614,1974,10,47.39977727355062,453,Flex Space,Commercial,Protected Area,Industrial,Poor,High,Solar Panels
Warehouse 69,For Sale,Newton,163.00553228990648,496128,80871608.72392672,53,13.599738574817321,44.962130707266326,1645503.0040590828,9.12158649247699,2009,11,27.2216083802876,292,Cold Storage,Commercial,None,Industrial,Good,Basic,None
Warehouse 70,For Sale,Fall River,126.39276436773352,218277,27588633.42789577,82,15.149666692039904,9.27385612720662,1086618.9559786401,6.3874792988950135,2014,41,45.11937987939339,321,Cold Storage,Commercial,None,Residential,Fair,High,Insulated
Warehouse 71,For Sale,Springfield,155.53636557272551,365596,56863473.10792616,45,16.855210392784503,25.84550408940661,1765732.220854262,5.9230591095958705,1977,41,34.220190664635055,243,Distribution Center,Mixed-Use,Mild Pollution,Industrial,Fair,High,None
Warehouse 72,For Sale,Springfield,179.34764542122915,149467,26806554.518174857,32,9.459349176625533,30.307518839081883,1170820.1308156096,6.495192640034244,1965,5,19.885262186455677,32,Distribution Center,Mixed-Use,None,Industrial,Poor,Basic,None
Warehouse 73,For Sale,Springfield,98.7038546806756,222029,21915118.150895722,36,10.090799248420097,2.63579648753268,107853.03497624265,6.048380520839634,1996,1,24.234190370368456,162,Distribution Center,Industrial,None,Mixed-Use,Fair,High,Solar Panels
Warehouse 74,For Sale,Brockton,85.59563746575057,388381,33243719.27458567,81,2.5818097325366707,18.820963113050873,1367069.404716824,4.246320397283583,2007,17,13.356781432857176,286,Dry Storage,Mixed-Use,Protected Area,Industrial,Good,High,None
Warehouse 75,For Sale,Quincy,143.4908755458094,61273,8792116.41731838,99,7.768980072642499,36.899126500340806,137464.45764595887,11.77226433912471,1976,22,23.33850374384042,70,Dry Storage,Mixed-Use,Protected Area,Mixed-Use,Fair,Basic,Green Roof
Warehouse 76,For Sale,Newton,167.33381013001397,263503,44092960.97068907,60,12.902967080244506,41.198497864999695,928664.1870171112,5.765963907622254,2002,34,37.10163782014136,328,Cold Storage,Mixed-Use,High Pollution,Industrial,Poor,High,Solar Panels
Warehouse 77,For Sale,New Bedford,159.58847291202468,96878,15460612.078771127,11,15.62995554533076,16.344937746046835,1862382.0542225724,9.872238100714451,1991,45,12.884443717177408,387,Distribution Center,Commercial,Mild Pollution,Residential,Poor,Moderate,Green Roof
Warehouse 78,For Sale,Lowell,165.62832030596786,272039,45057362.62771519,63,4.4224610440550896,40.13107034675481,372147.6817088078,10.100771157553403,2008,41,18.216056339121174,61,Cold Storage,Mixed-Use,Protected Area,Industrial,Good,High,None
Warehouse 79,For Sale,Newton,104.04916351819861,124968,13002815.866542244,21,2.8426756932687844,48.420037978066055,810251.088236011,11.434059184057833,1996,29,25.25764165653246,353,Flex Space,Commercial,None,Industrial,Poor,Moderate,Green Roof
Warehouse 80,For Sale,Lawrence,169.0318167497537,382844,64712816.8517427,52,13.294535889559794,42.986822867679614,1473227.602254533,4.24439565674704,1983,4,49.2819814806385,162,Flex Space,Industrial,High Pollution,Industrial,Fair,High,Insulated
Warehouse 81,For Sale,Lowell,50.43553941300344,81559,4113472.1589851477,55,0.13740968214572177,6.764555419806935,1770404.1843849528,10.976386707576061,1986,5,41.394472918355206,246,Distribution Center,Industrial,Protected Area,Mixed-Use,Poor,Basic,None
Warehouse 82,For Sale,Newton,122.56314665334442,15699,1924118.839310854,26,3.6496144277158633,37.24678627219149,1358338.8592478903,8.217809446718402,1955,11,39.33946985968416,320,Distribution Center,Commercial,Mild Pollution,Residential,Good,Basic,Insulated
Warehouse 83,For Sale,Fall River,30.978972284680665,201133,6230893.632534676,68,0.6785204688446792,16.663674789586693,553437.84567278,9.060352879726622,1956,21,14.647638261017839,311,Flex Space,Commercial,Mild Pollution,Industrial,Poor,High,Green Roof
Warehouse 84,For Sale,Newton,85.17959108304595,14715,1253417.6827870212,34,3.4210138453119314,49.43238348119175,1365485.3131866215,9.15576221696827,1974,35,41.23983574459966,41,Distribution Center,Commercial,High Pollution,Mixed-Use,Fair,Basic,Insulated
Warehouse 85,For Sale,Newton,92.29846092813764,24169,2230761.5021721586,52,3.708253670517554,24.782590174834468,628618.9001529755,10.558382439877821,1982,12,41.41075246064061,64,Dry Storage,Mixed-Use,High Pollution,Residential,Good,High,None
Warehouse 86,For Sale,Newton,97.34935757357341,123413,12014176.266227415,82,7.814704535532844,6.99926101958811,1450936.9981465337,6.667258577272884,2004,26,34.04410782497313,361,Dry Storage,Industrial,High Pollution,Mixed-Use,Fair,Basic,Insulated
Warehouse 87,For Sale,Worcester,148.22942513727656,414379,61423160.95895953,99,8.106309781262462,36.53409185334215,1910364.598790829,9.864409518879947,2007,19,49.614471279934875,398,Distribution Center,Commercial,High Pollution,Mixed-Use,Good,Moderate,Green Roof
Warehouse 88,For Sale,Boston,96.05487721595877,124264,11936163.2623639,93,17.497823165143732,16.827548720924476,1456717.229657262,8.228624877777577,1956,45,23.010156236982077,45,Flex Space,Mixed-Use,High Pollution,Residential,Poor,High,Green Roof
Warehouse 89,For Sale,Lynn,106.27791584583021,272926,29006006.460139055,52,10.25118327872662,49.85682969700142,1732616.980679204,10.347152114442782,2006,7,47.650897929674066,119,Cold Storage,Industrial,None,Industrial,Good,Moderate,Green Roof
Warehouse 90,For Sale,Lawrence,70.38250224863566,224249,15783205.746754298,29,14.495754835684496,49.009340434871575,54102.494192972656,11.924368262161067,1961,47,46.589244598260144,499,Distribution Center,Mixed-Use,None,Mixed-Use,Good,Moderate,None
Warehouse 91,For Sale,Lawrence,93.45280457698782,129481,12100362.589432959,38,2.17233342261372,33.15056688300845,1449265.643226609,5.60520813923009,1965,7,10.459226389975115,186,Distribution Center,Industrial,Protected Area,Mixed-Use,Poor,High,Green Roof
Warehouse 92,For Sale,Worcester,68.63583663473575,220400,15127338.39429576,42,4.586231233727507,7.361495998634162,1667695.735887238,11.957189132479982,1992,26,28.00466105899244,371,Cold Storage,Mixed-Use,Mild Pollution,Industrial,Fair,Moderate,None
Warehouse 93,For Sale,Quincy,42.44330704063542,40585,1722561.6162441885,21,14.088574475475667,34.65618888607642,129089.53821212877,4.718497234262192,1956,40,49.084169322062934,323,Distribution Center,Industrial,None,Industrial,Poor,High,Insulated
Warehouse 94,For Sale,Lynn,132.58626087483424,297826,39487635.73130838,42,1.150798813323709,5.558493836541333,1749615.5682120495,4.018540383238511,2000,5,14.124854496323032,304,Cold Storage,Industrial,None,Residential,Good,Moderate,Green Roof
Warehouse 95,For Sale,Lowell,143.59617575435277,183936,26412506.18355263,13,9.783293478650686,2.4388437960172236,550553.7452045893,4.35329548942265,2022,21,31.911387775332777,345,Flex Space,Mixed-Use,None,Residential,Poor,High,Insulated
Warehouse 96,For Sale,Quincy,135.31335882163447,397136,53737806.06898863,64,12.027442416692383,41.32496386485282,1347319.5988572077,6.7342592378940935,1981,14,49.15830028164416,106,Dry Storage,Commercial,Protected Area,Residential,Good,High,Solar Panels
Warehouse 97,For Sale,Lynn,108.7939874460973,351560,38247614.22654997,17,12.082698316644372,11.277894436500386,1610692.0140956428,9.063250645427473,2024,4,32.21981696423441,378,Flex Space,Industrial,High Pollution,Industrial,Poor,Basic,Insulated
Warehouse 98,For Sale,Fall River,94.56358263046907,453330,42868508.91387054,9,0.5563629442340364,19.57232918473577,1342195.8004657433,4.552236327102797,1957,23,17.59261211888624,222,Dry Storage,Commercial,Protected Area,Mixed-Use,Poor,High,Solar Panels
Warehouse 99,For Sale,Fall River,176.7667204272103,394954,69814723.29960841,41,6.509949284160791,48.69941210883248,229955.3445428516,4.045326516236538,2021,42,33.28732920370359,326,Cold Storage,Mixed-Use,Mild Pollution,Mixed-Use,Fair,High,Insulated
Warehouse 100,For Sale,Cambridge,118.24390347315708,43067,5092410.1908784555,1,12.766163955878165,17.50518459119406,1212826.9617777183,11.496728227670358,1994,20,18.177622957981875,146,Dry Storage,Commercial,Mild Pollution,Residential,Good,Moderate,None
Warehouse 101,Sold,New Bedford,111.46091919705427,178757,19924419.53290783,2,3.0650947493699445,15.527999282882448,1121688.13060818,10.575413087519436,2008,15,30.78817051577937,15,Flex Space,Commercial,Mild Pollution,Industrial,Fair,High,Insulated
Warehouse 102,Sold,Fall River,34.35915118709407,258334,8876136.96276676,60,13.938771401728259,45.99219198151599,1805626.4727448295,10.473465369112247,1953,45,12.96168871649392,118,Dry Storage,Commercial,Mild Pollution,Mixed-Use,Good,Basic,None
Warehouse 103,Sold,Lowell,88.01213069644658,23073,2030703.891559112,48,14.943911655392121,6.426673820628947,838267.472806208,11.075394204015817,2016,29,34.21930676857619,44,Cold Storage,Commercial,None,Residential,Poor,Moderate,None
Warehouse 104,Sold,Boston,94.6332551935957,41035,3883275.6268692,29,19.64118688987829,38.219538095616954,676108.1393197478,9.600274182176836,1978,8,30.671597565126326,48,Dry Storage,Commercial,None,Mixed-Use,Good,Moderate,Green Roof
Warehouse 105,Sold,Springfield,97.79987275247308,201049,19662566.61701196,97,4.275855697642546,49.41521276598593,1512208.9906511093,4.8352330379846515,1978,41,39.606454750458525,159,Distribution Center,Industrial,Protected Area,Mixed-Use,Fair,Basic,None
Warehouse 106,Sold,Cambridge,128.62930276864648,238782,30714362.173702944,10,16.520100286555692,45.16350452795779,854716.8858626235,7.192801504589784,1977,48,35.228018846351404,434,Flex Space,Industrial,High Pollution,Industrial,Fair,Moderate,Solar Panels
Warehouse 107,Sold,Springfield,120.71243294356934,95373,11512706.867127039,58,10.453901880681215,32.93172801661487,1309887.541259873,9.785195891717036,1993,19,31.984250741230266,127,Distribution Center,Industrial,Mild Pollution,Industrial,Fair,Moderate,Green Roof
Warehouse 108,Sold,Lawrence,133.3438657748856,350506,46737825.017292045,60,7.53190566326905,16.388978954643868,1310577.6757429836,6.242675686332167,1953,48,37.59115396992485,270,Cold Storage,Mixed-Use,Protected Area,Mixed-Use,Good,Moderate,Green Roof
Warehouse 109,Sold,Newton,160.03015446216182,95517,15285600.26376231,21,2.535297470771041,13.46177707773752,1781676.1755022297,9.4992509130899,1958,39,15.757676542889234,435,Dry Storage,Commercial,None,Residential,Fair,Moderate,Insulated
Warehouse 110,Sold,New Bedford,168.20757558173588,70450,11850223.699733293,28,14.736561569101998,41.1435001387016,1217450.18452224,4.195987586141219,1954,46,33.81438645034416,96,Distribution Center,Industrial,None,Industrial,Fair,Basic,None
Warehouse 111,Sold,Lawrence,152.08092295850406,15382,2339308.7569477092,75,4.793566222959372,44.11127378363307,1029199.5394258744,6.449098727036746,2005,28,16.884424112911105,474,Distribution Center,Mixed-Use,High Pollution,Mixed-Use,Fair,Basic,None
Warehouse 112,Sold,Lynn,192.4390283123389,402653,77486152.06704819,34,7.49129783727361,26.74631071473895,320799.08647320815,8.393042690217381,1999,46,47.020888314075236,85,Dry Storage,Industrial,High Pollution,Industrial,Poor,Moderate,Solar Panels
Warehouse 113,Sold,Lawrence,33.09953905498148,207043,6853027.86456053,8,1.344590315257632,12.97265709853684,275688.3330234755,9.056718636049938,2024,27,12.733364193824169,480,Dry Storage,Industrial,High Pollution,Industrial,Poor,Moderate,Insulated
Warehouse 114,Sold,Brockton,63.28225756620284,462828,29288800.70485053,59,16.047201624808427,6.534217212147504,350927.0523020048,8.616325315695287,1964,4,27.214989987631732,473,Flex Space,Commercial,Protected Area,Industrial,Good,Basic,Insulated
Warehouse 115,Sold,Fall River,31.285688746284162,226427,7083924.645754884,86,15.3551116270357,5.271793923759727,385104.5385878343,9.582050208587436,1981,15,37.83189910621779,460,Distribution Center,Mixed-Use,None,Mixed-Use,Good,Basic,Green Roof
Warehouse 116,Sold,Boston,140.07070140628252,66929,9374791.974421084,72,14.698955017842016,36.23479492033892,1293860.3306940862,4.048709985918713,1977,35,28.32088846673035,423,Distribution Center,Commercial,None,Residential,Fair,Basic,Green Roof
Warehouse 117,Sold,New Bedford,182.66519332149778,238483,43562543.298890755,49,6.058925858788544,21.585817664538524,1494913.438035428,4.807529599820172,1971,37,13.683810129316093,322,Cold Storage,Commercial,High Pollution,Residential,Poor,Moderate,Green Roof
Warehouse 118,Sold,Springfield,71.39199041797087,233590,16676455.041733816,79,3.552253477892549,45.36263383961565,1083483.4697065165,10.95155401823316,1966,1,32.1351606450683,392,Flex Space,Industrial,Mild Pollution,Residential,Fair,Moderate,Solar Panels
Warehouse 119,Sold,Cambridge,187.59587261537212,366008,68661590.14420712,17,12.78730996295757,37.24389373561142,1666584.5784637076,9.45398915272129,2008,3,35.665276353094185,223,Cold Storage,Commercial,High Pollution,Industrial,Fair,High,Solar Panels
Warehouse 120,Sold,Fall River,40.24545634922534,148401,5972465.96768139,60,9.973711043853067,10.371760477814748,1982963.2921305848,4.90345314148809,2020,47,38.151692439620305,466,Distribution Center,Mixed-Use,Protected Area,Mixed-Use,Poor,Basic,Green Roof
Warehouse 121,Sold,Lowell,188.85412455693742,261677,49418780.751685716,87,3.6472240914023675,31.07509352196925,1649024.6267827442,10.736595499188635,2006,24,24.930392578510357,294,Cold Storage,Commercial,High Pollution,Industrial,Poor,Moderate,Insulated
Warehouse 122,Sold,Fall River,89.77585683073785,292313,26242650.037763473,88,13.749634293892287,22.33976726550981,1405020.6286681204,5.937849742596535,1975,27,32.54639884115049,248,Distribution Center,Commercial,High Pollution,Residential,Poor,Basic,Solar Panels
Warehouse 123,Sold,Cambridge,47.24154083636681,92468,4368330.798057166,45,19.823415993243945,29.28523680766204,1088360.763902436,7.826079073561788,1974,40,28.027458997556526,174,Distribution Center,Commercial,Protected Area,Residential,Good,Moderate,Insulated
Warehouse 124,Sold,Cambridge,112.59819906167536,39594,4458213.093647975,83,14.969669796066547,37.16538704358734,925263.4897656811,5.161572103077282,1959,36,36.882241550090136,96,Cold Storage,Industrial,High Pollution,Mixed-Use,Good,Basic,Insulated
Warehouse 125,Sold,Brockton,73.65201651248634,475173,34997449.64228767,69,14.825729095043673,40.50359816918575,214565.14206185756,9.680880451373653,1994,34,33.34227869299274,150,Cold Storage,Mixed-Use,None,Industrial,Fair,Moderate,None
Warehouse 126,Sold,Fall River,78.42839333352688,196703,15427100.253884738,32,19.011223783318776,42.34312899392949,828769.0593696473,9.334835368114142,1960,29,31.030248782365394,169,Dry Storage,Industrial,Mild Pollution,Residential,Good,High,Green Roof
Warehouse 127,Sold,Lawrence,82.23929403746871,50033,4114678.598576672,44,4.138433714740553,13.444768854029212,1824762.5417251617,5.6888997693290895,2002,24,19.980974673529946,55,Dry Storage,Industrial,High Pollution,Mixed-Use,Poor,High,None
Warehouse 128,Sold,Fall River,166.51440263155277,68133,11345125.794495584,65,11.354444301936663,2.5246643959505266,1625644.1283177782,10.907206134856015,2021,24,10.080740709929357,381,Dry Storage,Industrial,Protected Area,Industrial,Poor,Basic,Green Roof
Warehouse 129,Sold,Newton,121.65741703479327,471381,57346994.89927789,87,19.59496962917428,37.22544202307389,471300.16177279,7.210448193757697,2017,42,16.96326701245717,121,Distribution Center,Industrial,Mild Pollution,Industrial,Good,Moderate,Green Roof
Warehouse 130,Sold,Brockton,82.92230885652063,78861,6539336.198734073,8,3.3893528083064735,6.210842586532955,959885.1801595709,6.3401207285659344,1977,4,14.682641656966746,416,Cold Storage,Industrial,Protected Area,Residential,Fair,Moderate,Insulated
Warehouse 131,Sold,Quincy,133.75674316285614,188362,25194687.65564191,77,14.035013992945967,16.431059842035417,1642610.2449891618,5.218636715716284,2024,3,27.96338980043787,54,Flex Space,Mixed-Use,Mild Pollution,Residential,Fair,Basic,Green Roof
Warehouse 132,Sold,Quincy,151.74561461794292,492247,74696323.55883855,72,11.757621904840848,1.18703957209301,181399.88183176893,6.1293441001243,2014,34,34.49032603047378,410,Distribution Center,Commercial,Mild Pollution,Industrial,Good,Moderate,Insulated
Warehouse 133,Sold,Newton,76.34608012470073,298894,22819385.272792302,87,11.770933934555268,34.40180463767938,805415.5420538856,4.176215369790536,1998,49,18.523400347392325,256,Flex Space,Industrial,High Pollution,Industrial,Fair,Basic,Insulated
Warehouse 134,Sold,Lynn,100.30334725930976,493371,49486762.740672916,43,13.983645487649493,9.189468562089841,1711090.411904198,8.666059939648925,1996,23,47.562283838687485,113,Cold Storage,Industrial,None,Residential,Fair,Moderate,Green Roof
Warehouse 135,Sold,Quincy,50.72063586728109,45461,2305810.8271624655,1,18.599376765226115,33.10883807489125,837600.8351317412,10.737845970751582,2001,23,10.26728516895551,94,Distribution Center,Mixed-Use,High Pollution,Industrial,Fair,Basic,Insulated
Warehouse 136,Sold,Newton,60.79538942089565,472016,28696396.532893483,51,15.673380603041624,49.5953882412241,201348.55722630967,8.391843595533135,2003,45,40.89204060661372,459,Flex Space,Mixed-Use,Protected Area,Residential,Poor,Moderate,Insulated
Warehouse 137,Sold,Worcester,145.7900351740471,83222,12132938.307254547,24,1.217108457982579,4.560872708890798,1107942.0186378902,5.754191695391006,2009,5,35.00819078121769,494,Flex Space,Commercial,Protected Area,Industrial,Poor,Basic,Insulated
Warehouse 138,Sold,Lawrence,60.84451910825658,117020,7120025.626048185,99,17.069287595526653,4.776822585621574,1730397.865090676,4.269353425710982,2006,31,24.942192041907276,143,Dry Storage,Mixed-Use,Mild Pollution,Residential,Good,Moderate,Solar Panels
Warehouse 139,Sold,Fall River,119.27777522340023,291370,34753965.36684212,24,4.588272465522079,17.67862454066707,1201056.8087586614,5.717024586070423,1996,41,12.019557776496317,117,Dry Storage,Commercial,Mild Pollution,Mixed-Use,Poor,High,Insulated
Warehouse 140,Sold,Lawrence,150.53786449281355,273865,41227052.25932439,17,7.600591878253801,43.45293919831576,491244.261017752,7.3289714245687385,1980,6,35.09946287137117,27,Dry Storage,Industrial,None,Residential,Fair,Moderate,Solar Panels
Warehouse 141,Sold,Newton,48.169076926106456,454370,21886583.48291499,5,9.288482990886404,11.560963570775261,799267.2592678936,10.076891429598373,1995,37,25.42454051462592,103,Distribution Center,Industrial,High Pollution,Residential,Poor,Basic,Solar Panels
Warehouse 142,Sold,Boston,126.4430773369136,25609,3238080.7675210205,20,9.670029414986086,18.658513176587032,927740.5543047677,5.502742820302193,1975,10,47.45068557652877,159,Cold Storage,Commercial,Protected Area,Mixed-Use,Good,High,Insulated
Warehouse 143,Sold,Fall River,73.61567322923185,450346,33152523.976091646,21,8.7600899451816,4.356764924721999,1179569.3899500272,9.758331626837489,1954,40,31.679602995590635,255,Cold Storage,Mixed-Use,Mild Pollution,Industrial,Poor,Moderate,Insulated
Warehouse 144,Sold,Worcester,193.69756879038857,135513,26248538.639491927,58,18.7533305548957,38.39460927168558,1530734.5002175954,10.93546774681507,2001,7,47.58606045174033,298,Dry Storage,Commercial,None,Mixed-Use,Fair,High,Solar Panels
Warehouse 145,Sold,Worcester,112.2027599423872,208981,23448244.97552002,31,14.149778252514087,21.007010795213105,242803.55439923904,7.6315747848668565,2024,39,18.819347738932166,423,Dry Storage,Mixed-Use,Protected Area,Residential,Fair,Moderate,Solar Panels
Warehouse 146,Sold,Lawrence,167.0187334617769,109211,18240282.900094114,11,12.660295854538456,38.203187919981296,1784821.4643842543,10.571455933140747,2003,38,39.02903641456413,218,Dry Storage,Industrial,Mild Pollution,Industrial,Good,High,Insulated
Warehouse 147,Sold,Springfield,123.5385121665645,191321,23635511.686219286,52,1.091856352880537,45.27678437299296,74003.9208813474,8.437258784280765,1982,21,34.68996083394903,135,Flex Space,Mixed-Use,Protected Area,Mixed-Use,Poor,Basic,Insulated
Warehouse 148,Sold,Fall River,37.38013058531926,447111,16713067.566132678,15,18.087875272181456,12.405394207963148,771602.0526147977,9.09672669664724,1999,20,39.57632919325248,244,Dry Storage,Commercial,None,Industrial,Poor,Moderate,Green Roof
Warehouse 149,Sold,New Bedford,137.6357338509838,492689,67811612.07530735,83,18.196864820967086,40.56240548665762,103469.60444668242,8.210227682705622,1987,3,18.58671455890147,425,Flex Space,Commercial,None,Industrial,Poor,Moderate,Solar Panels
Warehouse 150,Sold,Worcester,191.7385681751317,403872,77437839.00602679,7,15.626239962259035,3.8956006138344104,816299.739423318,7.705381734010734,1976,22,36.59978064951095,435,Cold Storage,Industrial,Protected Area,Mixed-Use,Fair,Basic,Solar Panels
Warehouse 151,Sold,Boston,132.27400942487628,392009,51852602.16063633,28,0.23988115589102119,45.04352202083212,1075334.5678029815,5.877227534206795,1964,47,29.92161572227476,471,Distribution Center,Mixed-Use,High Pollution,Industrial,Good,High,Green Roof
Warehouse 152,Sold,Brockton,169.26210610255433,341664,57830768.21942312,51,1.2398769964447047,32.88765883037862,1047778.7038339479,6.425552475688368,2010,4,39.71299899625265,131,Distribution Center,Mixed-Use,Protected Area,Mixed-Use,Poor,Basic,Solar Panels
Warehouse 153,Sold,Lynn,180.31509876922934,461956,83297641.7670381,58,4.581951675142945,43.837109482779226,372975.27670511743,6.319760951548872,1970,28,23.081785766072713,147,Distribution Center,Mixed-Use,Mild Pollution,Residential,Fair,Basic,None
Warehouse 154,Sold,Springfield,68.77356123131852,331453,22795203.190804217,5,2.7138532220836433,1.009231578272513,1309193.994686444,8.506311447630518,1995,12,45.6022810186101,124,Distribution Center,Industrial,High Pollution,Industrial,Fair,High,Solar Panels
Warehouse 155,Sold,Brockton,66.04762278439853,34984,2310610.035489398,5,8.036836991104215,9.284972447443634,137317.97848410305,4.959629544191119,2018,38,13.372052584454014,429,Flex Space,Mixed-Use,Mild Pollution,Residential,Fair,Basic,Green Roof
Warehouse 156,Sold,Springfield,133.8667681046686,123947,16592384.30626936,94,18.460198855947013,20.098209983898112,1535718.29925821,11.334333525618682,1955,36,42.287572751647524,171,Flex Space,Commercial,Protected Area,Residential,Poor,Moderate,None
Warehouse 157,Sold,Boston,99.8748398671398,209894,20963129.63907344,96,9.494002640520264,19.59564226536121,1895956.6462874152,9.765241162264907,1987,47,44.45278503260363,210,Dry Storage,Mixed-Use,High Pollution,Industrial,Poor,Moderate,Insulated
Warehouse 158,Sold,Lawrence,172.77642148734245,10901,1883435.77063352,8,0.36671226600009565,12.109788763252023,712549.2129446799,7.211565047305549,2011,41,42.69009245467285,243,Flex Space,Industrial,Mild Pollution,Mixed-Use,Poor,Moderate,Green Roof
Warehouse 159,Sold,Cambridge,183.0039309776619,167624,30675850.926199596,64,5.726639222617363,19.698985053492805,1058616.7943429472,5.268993156211024,2011,5,30.50905577047104,37,Dry Storage,Mixed-Use,Protected Area,Industrial,Poor,Basic,Green Roof
Warehouse 160,Sold,Fall River,90.08163448146207,227317,20477086.905422516,10,0.9874386766219345,7.313586888012487,788875.042214688,11.055937357773086,2023,13,27.535399201230454,20,Dry Storage,Mixed-Use,Protected Area,Residential,Poor,Moderate,Insulated
Warehouse 161,Sold,Newton,70.26799502566195,298199,20953845.848657366,38,0.8221236900086929,21.225295334035277,63085.26109291691,10.59022472080932,1995,23,49.85049146099507,215,Distribution Center,Commercial,High Pollution,Residential,Poor,Moderate,Green Roof
Warehouse 162,Sold,Lowell,162.6893375914565,173757,28268411.23187871,96,5.586825076601489,40.31536212880395,802455.2806454761,9.773772421737434,1962,30,19.166878048566485,176,Flex Space,Mixed-Use,Protected Area,Mixed-Use,Poor,Moderate,Solar Panels
Warehouse 163,Sold,New Bedford,76.71702604318314,472181,36224322.074096255,92,5.584685539711013,24.47443309206421,1593854.5055596256,6.172376379289939,1952,37,31.875038635041783,256,Flex Space,Commercial,None,Industrial,Poor,Moderate,Insulated
Warehouse 164,Sold,Brockton,169.84443414732533,150788,25610502.536206894,81,15.76381939177192,1.8820043583155344,1212178.2422577895,7.219573099469351,1955,25,36.82702101529302,56,Dry Storage,Commercial,Mild Pollution,Residential,Poor,Moderate,Green Roof
Warehouse 165,Sold,Fall River,102.03550312028968,119099,12152326.38612338,95,19.499209590344126,21.650758037383124,247456.8334995599,4.821986019619387,1957,48,38.03470543445728,255,Dry Storage,Industrial,Mild Pollution,Residential,Fair,Moderate,Insulated
Warehouse 166,Sold,New Bedford,143.48348287954997,16138,2315536.446710177,8,7.487021168410965,2.3315757884513637,1701922.0049028809,5.512316197820254,1993,27,18.160986629543146,136,Cold Storage,Commercial,Protected Area,Residential,Poor,Basic,Insulated
Warehouse 167,Sold,Cambridge,46.24100335189359,171370,7924320.7444140045,25,8.634848889334668,48.345927124633114,1085616.4225262236,10.264133098533863,1982,14,36.15976369359205,156,Cold Storage,Commercial,Protected Area,Mixed-Use,Good,Moderate,Insulated
Warehouse 168,Sold,Lowell,136.05608519501743,449328,61133808.64850679,73,16.911309782091827,7.24524401172058,1691360.5554021185,9.72030975080547,2024,48,42.73478265925349,127,Dry Storage,Industrial,None,Residential,Fair,Moderate,None
Warehouse 169,Sold,New Bedford,106.80050538532895,28429,3036231.567599517,66,5.435966499900715,35.67672799020032,1181431.9616308073,8.747886103807478,1999,47,12.00074307284449,408,Cold Storage,Commercial,High Pollution,Residential,Poor,High,Green Roof
Warehouse 170,Sold,New Bedford,129.7234387398306,55200,7160733.81843865,79,3.2119979076286143,48.666039821712204,1141392.4674339828,11.165813807409382,1960,36,46.46085173301266,391,Cold Storage,Industrial,Protected Area,Industrial,Good,Basic,None
Warehouse 171,Sold,Brockton,58.56241531662678,207380,12144673.688362062,50,17.076483505732643,41.47591353166202,255255.41113417415,8.666132142504363,1977,39,11.180162205808237,421,Dry Storage,Mixed-Use,Protected Area,Industrial,Poor,Basic,Green Roof
Warehouse 172,Sold,Quincy,155.26853664051094,446460,69321190.86852251,67,1.0253616701573034,35.26645338118398,376351.4796203245,7.735743999708886,2019,16,24.238841299535775,161,Dry Storage,Industrial,Protected Area,Residential,Good,Basic,Solar Panels
Warehouse 173,Sold,Lowell,176.67550318234885,253289,44749961.52555396,49,12.432018859968371,42.133584565537575,1945449.2501683526,6.722965970446102,1990,22,10.632527849318482,81,Flex Space,Commercial,Protected Area,Residential,Good,Basic,Solar Panels
Warehouse 174,Sold,Fall River,66.84576601543186,250127,16719930.916141925,36,11.283657664589454,49.10813596977076,495549.156171803,11.52358804588938,1965,21,13.085806741583275,372,Dry Storage,Industrial,Mild Pollution,Industrial,Good,Moderate,Solar Panels
Warehouse 175,Sold,Cambridge,46.27147443842749,368412,17046966.440809947,68,6.983816905283715,31.44588036542295,1956031.6300812175,4.661723692194828,2017,21,46.44673140720316,146,Dry Storage,Commercial,Protected Area,Mixed-Use,Good,Moderate,Green Roof
Warehouse 176,Sold,Lowell,34.01855962787719,241513,8215924.391407504,78,6.372271469837443,28.400055534636998,1087229.7777223135,11.447098976486467,1997,8,24.194433229845913,184,Distribution Center,Mixed-Use,Mild Pollution,Mixed-Use,Fair,High,Insulated
Warehouse 177,Sold,Lawrence,139.13515507535521,22347,3109253.310468963,41,15.459968751014262,31.783667412700787,314788.6417746774,10.613717279448146,2005,49,26.990861217002116,298,Flex Space,Industrial,Protected Area,Mixed-Use,Fair,High,Insulated
Warehouse 178,Sold,Boston,133.20598613509273,152992,20379450.230780106,89,1.819849754174675,27.101118451316193,243639.29536970126,5.03943939628561,2013,16,18.613775255302105,455,Flex Space,Mixed-Use,High Pollution,Mixed-Use,Good,Basic,None
Warehouse 179,Sold,Lawrence,122.9385601613919,36822,4526843.662262773,62,4.812007755296569,32.11936618957622,457284.93787619297,8.519874861402029,2008,31,33.88383080746879,490,Flex Space,Commercial,None,Mixed-Use,Poor,High,None
Warehouse 180,Sold,Quincy,69.43100633971582,444875,30888118.945381075,10,14.675729763577985,23.042268190655403,1854992.7935494047,10.932383853992695,2011,42,33.792128587111584,28,Distribution Center,Commercial,High Pollution,Mixed-Use,Good,High,Solar Panels
Warehouse 181,Sold,Boston,96.4540193039375,45108,4350847.902762013,21,11.01157961615584,11.703715961282048,857592.9374400423,8.574473308857229,1960,10,24.88801567300877,204,Dry Storage,Mixed-Use,Protected Area,Mixed-Use,Fair,Basic,None
Warehouse 182,Sold,Cambridge,131.06097698164942,396099,51913121.921454355,36,2.646965349818369,6.892114099072106,821096.822586183,11.257598572484978,1967,32,23.321394872215933,339,Flex Space,Industrial,Protected Area,Mixed-Use,Poor,Basic,Green Roof
Warehouse 183,Sold,Brockton,114.4503660060588,487315,55773380.110242546,12,17.654498724212996,4.3487058410807595,660752.2090868393,11.54387053452834,1968,34,45.39857232722351,433,Flex Space,Industrial,Protected Area,Industrial,Fair,High,Green Roof
Warehouse 184,Sold,Brockton,197.92353843653083,12967,2566474.5229064953,91,7.9296121466154705,13.902473403906804,336770.60860484734,7.379076177474447,2004,9,25.331369585688055,184,Cold Storage,Commercial,High Pollution,Mixed-Use,Fair,Moderate,None
Warehouse 185,Sold,Cambridge,53.19475793464463,377863,20100330.817458622,2,16.57458066891124,3.260054652450958,1001309.8345251925,7.018509291250589,1975,17,29.74003968617633,499,Flex Space,Mixed-Use,Protected Area,Mixed-Use,Poor,High,None
Warehouse 186,Sold,Springfield,148.17457418809096,16871,2499853.2411272824,13,15.7754890090014,28.791368216049893,303593.17589672044,11.490569231753256,1955,11,21.332190496997224,458,Dry Storage,Mixed-Use,High Pollution,Mixed-Use,Good,High,None
Warehouse 187,Sold,Cambridge,98.73419057772966,230371,22745494.21758216,53,12.526066384787386,14.907593904152494,1679186.4609455387,9.401120489197345,1953,32,41.47078013428509,422,Dry Storage,Industrial,Mild Pollution,Residential,Good,Moderate,None
Warehouse 188,Sold,Lawrence,102.7939345373545,213524,21948972.078154083,32,9.94017451277235,41.40220559626458,772274.1232368477,4.928181450785354,1978,10,25.897926275963666,443,Cold Storage,Industrial,None,Industrial,Good,Moderate,Solar Panels
Warehouse 189,Sold,Quincy,151.99162016188995,210342,31970221.368092258,95,19.59306172359696,4.637802776430936,780866.9571745029,4.33833399378145,2008,22,30.54444186177298,363,Flex Space,Industrial,None,Industrial,Good,Basic,Solar Panels
Warehouse 190,Sold,Worcester,147.71414572514283,169685,25064874.81737086,16,2.9848049403583587,12.091223222732811,974312.535542154,8.517032407978105,1966,17,20.134286802386455,150,Flex Space,Mixed-Use,High Pollution,Industrial,Poor,Basic,None
Warehouse 191,Sold,Brockton,198.51351892937203,33179,6586480.044557635,32,14.530598978267182,36.78206120741715,916049.0406732156,11.441367723507398,1992,4,49.50638369365007,255,Flex Space,Industrial,Mild Pollution,Mixed-Use,Poor,High,Green Roof
Warehouse 192,Sold,Lynn,51.82702920720129,256537,13295550.591727799,32,3.904694959149301,30.34160652279108,1989973.0474656771,10.753989619246546,2015,48,21.659829636948913,394,Distribution Center,Industrial,High Pollution,Mixed-Use,Poor,Moderate,Solar Panels
Warehouse 193,Sold,Quincy,47.698640395308274,188260,8979746.040820736,98,6.831435796113732,4.160072291209209,1113493.18637569,9.406781971714691,1983,47,40.829701236222064,427,Flex Space,Commercial,Mild Pollution,Residential,Fair,Basic,Green Roof
Warehouse 194,Sold,Newton,153.13759891188602,322243,49347519.28616288,11,6.243104993126584,43.98473340094782,221993.32239024783,5.1129267911287,1957,25,27.099826014270366,102,Dry Storage,Industrial,Protected Area,Industrial,Poor,High,Insulated
Warehouse 195,Sold,Quincy,128.32577589108956,40262,5166652.388927048,10,18.94601615600059,43.9858263784828,1233410.8160750135,6.033851069989565,1962,21,18.248696203365597,441,Dry Storage,Industrial,Mild Pollution,Mixed-Use,Good,Moderate,Green Roof
Warehouse 196,Sold,Quincy,76.607313315167,345357,26456871.904586133,15,19.350387937986678,17.189992189912918,345589.3710962659,11.00408981242093,1957,37,41.98875055859445,248,Distribution Center,Mixed-Use,Mild Pollution,Industrial,Fair,High,None
Warehouse 197,Sold,New Bedford,43.50129272812772,384551,16728465.619894244,17,3.74200734027107,17.67988632412867,110328.40722611685,5.462457893255204,2014,38,23.344271561161726,214,Distribution Center,Mixed-Use,Mild Pollution,Residential,Good,Basic,Insulated
Warehouse 198,Sold,Quincy,44.56190243139319,416484,18559319.372236364,40,0.5384996899203333,49.462389559158524,1942947.1996706338,6.2275152660034765,1992,49,44.607733895912446,57,Flex Space,Commercial,None,Residential,Good,Basic,Solar Panels
Warehouse 199,Sold,Brockton,182.0124486929001,476082,86652850.59861326,18,14.42815998929595,31.68263240806377,1558400.8384923995,5.036805209563536,1988,1,46.61028739671292,442,Cold Storage,Industrial,Mild Pollution,Residential,Poor,Moderate,Solar Panels
Warehouse 200,Sold,Worcester,62.617445202186296,353413,22129819.161240265,55,8.417999684022638,27.034509507834898,1961212.5352068455,9.408865851315289,2008,25,44.392953415651036,254,Distribution Center,Commercial,Protected Area,Industrial,Poor,High,Insulated
